Id,DSM_PH4_RE,POINT_X,POINT_Y
0,8.36264000000,390749.34984600000,6438578.76005000000
0,8.42917000000,390750.04803100000,6438578.04413000000
0,8.36728000000,390750.74621600000,6438577.32822000000
0,10.92100000000,390751.44440200000,6438576.61230000000
0,11.01580000000,390752.14258700000,6438575.89638000000
0,10.99670000000,390752.84077300000,6438575.18046000000
0,10.99850000000,390753.53895800000,6438574.46455000000
0,10.99100000000,390754.23714300000,6438573.74863000000
0,10.96040000000,390754.93532900000,6438573.03271000000
0,10.97020000000,390755.63351400000,6438572.31680000000
0,10.97440000000,390756.33169900000,6438571.60088000000
0,10.96580000000,390757.02988500000,6438570.88496000000
0,10.94040000000,390757.72807000000,6438570.16905000000
0,10.94160000000,390758.42625500000,6438569.45313000000
0,10.95320000000,390759.12444100000,6438568.73721000000
0,10.95960000000,390759.82262600000,6438568.02129000000
0,10.94200000000,390760.52081100000,6438567.30538000000
0,10.92560000000,390761.21899700000,6438566.58946000000
0,10.93270000000,390761.91718200000,6438565.87354000000
0,10.93080000000,390762.61536700000,6438565.15763000000
0,10.93100000000,390763.31355300000,6438564.44171000000
0,10.92170000000,390764.01173800000,6438563.72579000000
0,10.93490000000,390764.70992400000,6438563.00987000000
0,10.92920000000,390765.40810900000,6438562.29396000000
0,10.95830000000,390766.10629400000,6438561.57804000000
0,10.94440000000,390766.80448000000,6438560.86212000000
0,10.93510000000,390767.50266500000,6438560.14621000000
0,10.95860000000,390768.20085000000,6438559.43029000000
0,10.97350000000,390768.89903600000,6438558.71437000000
0,10.91210000000,390769.59722100000,6438557.99846000000
0,4.98320000000,390770.29540600000,6438557.28254000000
0,4.82293000000,390770.99359200000,6438556.56662000000
0,4.36043000000,390771.69177700000,6438555.85070000000
0,4.29501000000,390772.38996200000,6438555.13479000000
0,4.30705000000,390773.08814800000,6438554.41887000000
0,4.27862000000,390773.78633300000,6438553.70295000000
0,4.30421000000,390774.48451800000,6438552.98704000000
0,4.33556000000,390775.18270400000,6438552.27112000000
0,4.28312000000,390775.88088900000,6438551.55520000000
0,4.29912000000,390776.57907500000,6438550.83929000000
0,4.35859000000,390777.27726000000,6438550.12337000000
0,4.46265000000,390777.97544500000,6438549.40745000000
0,4.50106000000,390778.67363100000,6438548.69153000000
0,4.44791000000,390779.37181600000,6438547.97562000000
0,4.48809000000,390780.07000100000,6438547.25970000000
0,4.43649000000,390780.76818700000,6438546.54378000000
0,4.35262000000,390781.46637200000,6438545.82787000000
0,4.33240000000,390782.16455700000,6438545.11195000000
0,4.33519000000,390782.86274300000,6438544.39603000000
0,4.31319000000,390783.56092800000,6438543.68011000000
0,4.35884000000,390784.25911300000,6438542.96420000000
0,4.37379000000,390784.95729900000,6438542.24828000000
0,9.48059000000,390785.65548400000,6438541.53236000000
0,10.66490000000,390786.35366900000,6438540.81645000000
0,9.62056000000,390787.05185500000,6438540.10053000000
0,7.68999000000,390787.75004000000,6438539.38461000000
0,9.74274000000,390788.44822600000,6438538.66870000000
0,10.02290000000,390789.14641100000,6438537.95278000000
0,10.60060000000,390789.84459600000,6438537.23686000000
0,10.78840000000,390790.54278200000,6438536.52094000000
0,10.35140000000,390791.24096700000,6438535.80503000000
0,10.48140000000,390791.93915200000,6438535.08911000000
0,9.87892000000,390792.63733800000,6438534.37319000000
0,4.25941000000,390793.33552300000,6438533.65728000000
0,4.56360000000,390794.03370800000,6438532.94136000000
0,4.66107000000,390794.73189400000,6438532.22544000000
0,5.12011000000,390795.43007900000,6438531.50953000000
0,5.56134000000,390796.12826400000,6438530.79361000000
0,9.14434000000,390796.82645000000,6438530.07769000000
0,10.05750000000,390797.52463500000,6438529.36177000000
0,10.07370000000,390798.22282000000,6438528.64586000000
0,10.12400000000,390798.92100600000,6438527.92994000000
0,10.18920000000,390799.61919100000,6438527.21402000000
0,10.23800000000,390800.31737600000,6438526.49811000000
0,10.24170000000,390801.01556200000,6438525.78219000000
0,10.28970000000,390801.71374700000,6438525.06627000000
0,10.33880000000,390802.41193300000,6438524.35035000000
0,10.31100000000,390803.11011800000,6438523.63444000000
0,10.27680000000,390803.80830300000,6438522.91852000000
0,12.33360000000,390804.50648900000,6438522.20260000000
0,12.41380000000,390805.20467400000,6438521.48669000000
0,12.51430000000,390805.90285900000,6438520.77077000000
0,12.61460000000,390806.60104500000,6438520.05485000000
0,12.70920000000,390807.29923000000,6438519.33894000000
0,12.79610000000,390807.99741500000,6438518.62302000000
0,12.87160000000,390808.69560100000,6438517.90710000000
0,12.97170000000,390809.39378600000,6438517.19118000000
0,13.06370000000,390810.09197100000,6438516.47527000000
0,13.15020000000,390810.79015700000,6438515.75935000000
0,13.24140000000,390811.48834200000,6438515.04343000000
0,13.32080000000,390812.18652700000,6438514.32752000000
0,13.39500000000,390812.88471300000,6438513.61160000000
0,13.46730000000,390813.58289800000,6438512.89568000000
0,13.56250000000,390814.28108400000,6438512.17976000000
0,13.67390000000,390814.97926900000,6438511.46385000000
0,13.78210000000,390815.67745400000,6438510.74793000000
0,13.81290000000,390816.37564000000,6438510.03201000000
0,13.74740000000,390817.07382500000,6438509.31610000000
0,13.68450000000,390817.77201000000,6438508.60018000000
0,13.55100000000,390818.47019600000,6438507.88426000000
0,13.47420000000,390819.16838100000,6438507.16835000000
0,13.35890000000,390819.86656600000,6438506.45243000000
0,13.30890000000,390820.56475200000,6438505.73651000000
0,13.22710000000,390821.26293700000,6438505.02059000000
0,13.12660000000,390821.96112200000,6438504.30468000000
0,13.05490000000,390822.65930800000,6438503.58876000000
0,12.95020000000,390823.35749300000,6438502.87284000000
0,12.84320000000,390824.05567800000,6438502.15693000000
0,12.72380000000,390824.75386400000,6438501.44101000000
0,12.67890000000,390825.45204900000,6438500.72509000000
0,12.55690000000,390826.15023500000,6438500.00918000000
0,12.43100000000,390826.84842000000,6438499.29326000000
0,12.33320000000,390827.54660500000,6438498.57734000000
0,12.26940000000,390828.24479100000,6438497.86142000000
0,4.53067000000,390828.94297600000,6438497.14551000000
0,4.11931000000,390829.64116100000,6438496.42959000000
0,3.87161000000,390830.33934700000,6438495.71367000000
0,3.77711000000,390831.03753200000,6438494.99776000000
0,3.67649000000,390831.73571700000,6438494.28184000000
0,3.70966000000,390832.43390300000,6438493.56592000000
0,3.17103000000,390833.13208800000,6438492.85000000000
0,3.22684000000,390833.83027300000,6438492.13409000000
0,3.65486000000,390834.52845900000,6438491.41817000000
0,3.68241000000,390835.22664400000,6438490.70225000000
0,3.21261000000,390835.92482900000,6438489.98634000000
0,3.21759000000,390836.62301500000,6438489.27042000000
0,3.24310000000,390837.32120000000,6438488.55450000000
0,3.20409000000,390838.01938600000,6438487.83859000000
0,3.32926000000,390838.71757100000,6438487.12267000000
0,3.09595000000,390839.41575600000,6438486.40675000000
0,3.08005000000,390840.11394200000,6438485.69083000000
0,3.18938000000,390840.81212700000,6438484.97492000000
0,3.22552000000,390841.51031200000,6438484.25900000000
0,3.18352000000,390842.20849800000,6438483.54308000000
0,3.14853000000,390842.90668300000,6438482.82717000000
0,6.41748000000,390843.60486800000,6438482.11125000000
0,7.48325000000,390844.30305400000,6438481.39533000000
0,7.69660000000,390845.00123900000,6438480.67941000000
0,5.02437000000,390845.69942400000,6438479.96350000000
0,3.55558000000,390846.39761000000,6438479.24758000000
0,3.38397000000,390847.09579500000,6438478.53166000000
0,9.49259000000,390847.79398000000,6438477.81575000000
0,11.39780000000,390848.49216600000,6438477.09983000000
0,11.34520000000,390849.19035100000,6438476.38391000000
0,11.08100000000,390849.88853700000,6438475.66800000000
0,10.87560000000,390850.58672200000,6438474.95208000000
0,10.63940000000,390851.28490700000,6438474.23616000000
0,10.41620000000,390851.98309300000,6438473.52024000000
0,10.21840000000,390852.68127800000,6438472.80433000000
0,9.95973000000,390853.37946300000,6438472.08841000000
0,9.78347000000,390854.07764900000,6438471.37249000000
0,9.53920000000,390854.77583400000,6438470.65658000000
0,4.78237000000,390855.47401900000,6438469.94066000000
0,3.49624000000,390856.17220500000,6438469.22474000000
0,3.43688000000,390856.87039000000,6438468.50883000000
0,3.44768000000,390857.56857500000,6438467.79291000000
0,3.41446000000,390858.26676100000,6438467.07699000000
0,3.43867000000,390858.96494600000,6438466.36107000000
0,3.38915000000,390859.66313100000,6438465.64516000000
0,3.33765000000,390860.36131700000,6438464.92924000000
0,3.36652000000,390861.05950200000,6438464.21332000000
0,3.36081000000,390861.75768800000,6438463.49741000000
0,3.38981000000,390862.45587300000,6438462.78149000000
0,3.41620000000,390863.15405800000,6438462.06557000000
0,3.40886000000,390863.85224400000,6438461.34965000000
0,3.41568000000,390864.55042900000,6438460.63374000000
0,5.01955000000,390865.24861400000,6438459.91782000000
0,5.70497000000,390865.94680000000,6438459.20190000000
0,5.06983000000,390866.64498500000,6438458.48599000000
0,5.77519000000,390867.34317000000,6438457.77007000000
0,5.90652000000,390868.04135600000,6438457.05415000000
0,6.01349000000,390868.73954100000,6438456.33824000000
0,6.10997000000,390869.43772600000,6438455.62232000000
0,6.21139000000,390870.13591200000,6438454.90640000000
0,6.35808000000,390870.83409700000,6438454.19048000000
0,3.20510000000,390871.53228200000,6438453.47457000000
0,3.18307000000,390872.23046800000,6438452.75865000000
0,3.15757000000,390872.92865300000,6438452.04273000000
0,3.15871000000,390873.62683800000,6438451.32682000000
0,3.14741000000,390874.32502400000,6438450.61090000000
0,3.18403000000,390875.02320900000,6438449.89498000000
0,3.15416000000,390875.72139500000,6438449.17906000000
0,3.16070000000,390876.41958000000,6438448.46315000000
0,3.16811000000,390877.11776500000,6438447.74723000000
0,3.23834000000,390877.81595100000,6438447.03131000000
0,7.52542000000,390878.51413600000,6438446.31540000000
0,7.52193000000,390879.21232100000,6438445.59948000000
0,7.37025000000,390879.91050700000,6438444.88356000000
0,7.10183000000,390880.60869200000,6438444.16765000000
0,7.11470000000,390881.30687700000,6438443.45173000000
0,7.41759000000,390882.00506300000,6438442.73581000000
0,7.55930000000,390882.70324800000,6438442.01989000000
0,7.55418000000,390883.40143300000,6438441.30398000000
0,7.42526000000,390884.09961900000,6438440.58806000000
0,7.22726000000,390884.79780400000,6438439.87214000000
0,7.09498000000,390885.49598900000,6438439.15623000000
0,7.39890000000,390886.19417500000,6438438.44031000000
0,7.54474000000,390886.89236000000,6438437.72439000000
0,7.58216000000,390887.59054600000,6438437.00848000000
0,7.49817000000,390888.28873100000,6438436.29256000000
0,7.17305000000,390888.98691600000,6438435.57664000000
0,7.07462000000,390889.68510200000,6438434.86072000000
0,7.36725000000,390890.38328700000,6438434.14481000000
0,7.51763000000,390891.08147200000,6438433.42889000000
0,7.58410000000,390891.77965800000,6438432.71297000000
0,7.48016000000,390892.47784300000,6438431.99706000000
0,7.18164000000,390893.17602800000,6438431.28114000000
0,7.07036000000,390893.87421400000,6438430.56522000000
0,7.32949000000,390894.57239900000,6438429.84930000000
0,7.47327000000,390895.27058400000,6438429.13339000000
0,7.54695000000,390895.96877000000,6438428.41747000000
0,7.40783000000,390896.66695500000,6438427.70155000000
0,7.19664000000,390897.36514000000,6438426.98564000000
0,7.08725000000,390898.06332600000,6438426.26972000000
0,7.27393000000,390898.76151100000,6438425.55380000000
0,7.46071000000,390899.45969700000,6438424.83789000000
0,7.50398000000,390900.15788200000,6438424.12197000000
0,7.42630000000,390900.85606700000,6438423.40605000000
0,7.30425000000,390901.55425300000,6438422.69013000000
0,7.07036000000,390902.25243800000,6438421.97422000000
0,7.19016000000,390902.95062300000,6438421.25830000000
0,7.45679000000,390903.64880900000,6438420.54238000000
0,7.55981000000,390904.34699400000,6438419.82647000000
0,7.49580000000,390905.04517900000,6438419.11055000000
0,7.36794000000,390905.74336500000,6438418.39463000000
0,7.10446000000,390906.44155000000,6438417.67872000000
0,7.18321000000,390907.13973500000,6438416.96280000000
0,7.44418000000,390907.83792100000,6438416.24688000000
0,7.52300000000,390908.53610600000,6438415.53096000000
0,7.51862000000,390909.23429100000,6438414.81505000000
0,7.38672000000,390909.93247700000,6438414.09913000000
0,7.16255000000,390910.63066200000,6438413.38321000000
0,5.95900000000,390911.32884800000,6438412.66730000000
0,3.12596000000,390912.02703300000,6438411.95138000000
0,3.07903000000,390912.72521800000,6438411.23546000000
0,3.06629000000,390913.42340400000,6438410.51954000000
0,2.97355000000,390914.12158900000,6438409.80363000000
0,3.07166000000,390914.81977400000,6438409.08771000000
0,3.14771000000,390915.52024000000,6438408.37405000000
0,3.14202000000,390916.22734700000,6438407.66694000000
0,3.13312000000,390916.93445400000,6438406.95983000000
0,3.09542000000,390917.64156000000,6438406.25273000000
0,2.98046000000,390918.34866700000,6438405.54562000000
0,3.02804000000,390919.05577400000,6438404.83851000000
0,4.38761000000,390919.76288100000,6438404.13140000000
0,4.27699000000,390920.46998800000,6438403.42430000000
0,2.98139000000,390921.17709400000,6438402.71719000000
0,3.03770000000,390921.88420100000,6438402.01008000000
0,6.15436000000,390922.59130800000,6438401.30298000000
0,6.69516000000,390923.29841500000,6438400.59587000000
0,7.15156000000,390924.00552100000,6438399.88876000000
0,7.51053000000,390924.71262800000,6438399.18166000000
0,7.92745000000,390925.41973500000,6438398.47455000000
0,7.85066000000,390926.12684200000,6438397.76744000000
0,7.67541000000,390926.83394900000,6438397.06034000000
0,7.10779000000,390927.54105500000,6438396.35323000000
0,6.77505000000,390928.24816200000,6438395.64612000000
0,6.46512000000,390928.95526900000,6438394.93902000000
0,6.12098000000,390929.66237600000,6438394.23191000000
0,6.18289000000,390930.36948200000,6438393.52480000000
0,6.30544000000,390931.07658900000,6438392.81770000000
0,6.51812000000,390931.78369600000,6438392.11059000000
0,6.71396000000,390932.49080300000,6438391.40348000000
0,7.01015000000,390933.19791000000,6438390.69638000000
0,3.19792000000,390933.90501600000,6438389.98927000000
0,3.14096000000,390934.61212300000,6438389.28216000000
0,3.11404000000,390935.31923000000,6438388.57506000000
0,4.32739000000,390936.02633700000,6438387.86795000000
0,4.55668000000,390936.73344400000,6438387.16084000000
0,5.01069000000,390937.44055000000,6438386.45374000000
0,8.29544000000,390938.14765700000,6438385.74663000000
0,7.99573000000,390938.85476400000,6438385.03952000000
0,7.62722000000,390939.56187100000,6438384.33241000000
0,7.13328000000,390940.26897700000,6438383.62531000000
0,6.84048000000,390940.97608400000,6438382.91820000000
0,3.21711000000,390941.68319100000,6438382.21109000000
0,6.16479000000,390942.39029800000,6438381.50399000000
0,6.19601000000,390943.09740500000,6438380.79688000000
0,6.22742000000,390943.80451100000,6438380.08977000000
0,6.25347000000,390944.51161800000,6438379.38267000000
0,6.20669000000,390945.21872500000,6438378.67556000000
0,6.21519000000,390945.92583200000,6438377.96845000000
0,6.21372000000,390946.63293800000,6438377.26135000000
0,6.14781000000,390947.34004500000,6438376.55424000000
0,6.12502000000,390948.04715200000,6438375.84713000000
0,6.06484000000,390948.75425900000,6438375.14003000000
0,6.02688000000,390949.46136600000,6438374.43292000000
0,2.82264000000,390950.16847200000,6438373.72581000000
0,2.83875000000,390950.87557900000,6438373.01871000000
0,2.75092000000,390951.58268600000,6438372.31160000000
0,2.73088000000,390952.28979300000,6438371.60449000000
0,2.63804000000,390952.99689900000,6438370.89739000000
0,2.66377000000,390953.70400600000,6438370.19028000000
0,2.69662000000,390954.41111300000,6438369.48317000000
0,2.68462000000,390955.11822000000,6438368.77607000000
0,2.74402000000,390955.82532700000,6438368.06896000000
0,2.64957000000,390956.53243300000,6438367.36185000000
0,2.65620000000,390957.23954000000,6438366.65475000000
0,2.61322000000,390957.94664700000,6438365.94764000000
0,2.86328000000,390958.65375400000,6438365.24053000000
0,2.95679000000,390959.36086100000,6438364.53343000000
0,2.94257000000,390960.06796700000,6438363.82632000000
0,3.02591000000,390960.77507400000,6438363.11921000000
0,2.97674000000,390961.48218100000,6438362.41210000000
0,3.02232000000,390962.18928800000,6438361.70500000000
0,3.01011000000,390962.89639400000,6438360.99789000000
0,3.00662000000,390963.60350100000,6438360.29078000000
0,3.01059000000,390964.31060800000,6438359.58368000000
0,3.05117000000,390965.01771500000,6438358.87657000000
0,3.04675000000,390965.72482200000,6438358.16946000000
0,3.03606000000,390966.43192800000,6438357.46236000000
0,3.00691000000,390967.13903500000,6438356.75525000000
0,3.06196000000,390967.84614200000,6438356.04814000000
0,3.04732000000,390968.55324900000,6438355.34104000000
0,3.02188000000,390969.26035500000,6438354.63393000000
0,3.04777000000,390969.96746200000,6438353.92682000000
0,3.04947000000,390970.67456900000,6438353.21972000000
0,3.05051000000,390971.38167600000,6438352.51261000000
0,3.07539000000,390972.08878300000,6438351.80550000000
0,3.05662000000,390972.79588900000,6438351.09840000000
0,3.05496000000,390973.50299600000,6438350.39129000000
0,3.04642000000,390974.21010300000,6438349.68418000000
0,3.03700000000,390974.91721000000,6438348.97708000000
0,3.10338000000,390975.62431600000,6438348.26997000000
0,3.08843000000,390976.33142300000,6438347.56286000000
0,3.09900000000,390977.03853000000,6438346.85576000000
0,3.08859000000,390977.74563700000,6438346.14865000000
0,3.06144000000,390978.45274400000,6438345.44154000000
0,2.98881000000,390979.15985000000,6438344.73444000000
0,3.01573000000,390979.86695700000,6438344.02733000000
0,2.90334000000,390980.57406400000,6438343.32022000000
0,2.92054000000,390981.28117100000,6438342.61311000000
0,2.99264000000,390981.98827800000,6438341.90601000000
0,2.95883000000,390982.69538400000,6438341.19890000000
0,2.88274000000,390983.40249100000,6438340.49179000000
0,2.82153000000,390984.10959800000,6438339.78469000000
0,2.75745000000,390984.81670500000,6438339.07758000000
0,3.00276000000,390985.52381100000,6438338.37047000000
0,2.59853000000,390986.23091800000,6438337.66337000000
0,2.58740000000,390986.93802500000,6438336.95626000000
0,2.58282000000,390987.64513200000,6438336.24915000000
0,2.59693000000,390988.35223900000,6438335.54205000000
0,2.60178000000,390989.05934500000,6438334.83494000000
0,2.61036000000,390989.76645200000,6438334.12783000000
0,2.53730000000,390990.47355900000,6438333.42073000000
0,2.46990000000,390991.18066600000,6438332.71362000000
0,2.23424000000,390991.88777200000,6438332.00651000000
0,2.35378000000,390992.59487900000,6438331.29941000000
0,2.40589000000,390993.30198600000,6438330.59230000000
0,2.43277000000,390994.00909300000,6438329.88519000000
0,2.51548000000,390994.71620000000,6438329.17809000000
0,2.50145000000,390995.42330600000,6438328.47098000000
0,2.46749000000,390996.13041300000,6438327.76387000000
0,2.44511000000,390996.83752000000,6438327.05677000000
0,2.39796000000,390997.54462700000,6438326.34966000000
0,2.62889000000,390998.25173300000,6438325.64255000000
0,2.70465000000,390998.95884000000,6438324.93545000000
0,2.74051000000,390999.66594700000,6438324.22834000000
0,2.79996000000,391000.37305400000,6438323.52123000000
0,2.72467000000,391001.08016100000,6438322.81412000000
0,2.77902000000,391001.78726700000,6438322.10702000000
0,2.85616000000,391002.49437400000,6438321.39991000000
0,2.87089000000,391003.20148100000,6438320.69280000000
0,2.99339000000,391003.90858800000,6438319.98570000000
0,2.89392000000,391004.61569500000,6438319.27859000000
0,2.82628000000,391005.32280100000,6438318.57148000000
0,2.80046000000,391006.02990800000,6438317.86438000000
0,2.75796000000,391006.73701500000,6438317.15727000000
0,2.73143000000,391007.44412200000,6438316.45016000000
0,2.67042000000,391008.15122800000,6438315.74306000000
0,2.75898000000,391008.85833500000,6438315.03595000000
0,2.70393000000,391009.56544200000,6438314.32884000000
0,2.72167000000,391010.27254900000,6438313.62174000000
0,2.82098000000,391010.97965600000,6438312.91463000000
0,2.78832000000,391011.68676200000,6438312.20752000000
0,2.74472000000,391012.39386900000,6438311.50042000000
0,2.79126000000,391013.10097600000,6438310.79331000000
0,2.78976000000,391013.80808300000,6438310.08620000000
0,2.77582000000,391014.51518900000,6438309.37910000000
0,2.75273000000,391015.22229600000,6438308.67199000000
0,2.72525000000,391015.92940300000,6438307.96488000000
0,2.80375000000,391016.63651000000,6438307.25778000000
0,2.78087000000,391017.34361700000,6438306.55067000000
0,2.88439000000,391018.05072300000,6438305.84356000000
0,2.84127000000,391018.75783000000,6438305.13646000000
0,2.86849000000,391019.46493700000,6438304.42935000000
0,2.86275000000,391020.17204400000,6438303.72224000000
0,2.82307000000,391020.87915000000,6438303.01514000000
0,2.88438000000,391021.58625700000,6438302.30803000000
0,2.96764000000,391022.29336400000,6438301.60092000000
0,3.02764000000,391023.00047100000,6438300.89381000000
0,3.10574000000,391023.70757800000,6438300.18671000000
0,3.20229000000,391024.41468400000,6438299.47960000000
0,3.22634000000,391025.12179100000,6438298.77249000000
0,3.13644000000,391025.82889800000,6438298.06539000000
0,3.11136000000,391026.53600500000,6438297.35828000000
0,3.03012000000,391027.24311200000,6438296.65117000000
0,2.99579000000,391027.95021800000,6438295.94407000000
0,2.93246000000,391028.65732500000,6438295.23696000000
0,2.89106000000,391029.36443200000,6438294.52985000000
0,2.87980000000,391030.07153900000,6438293.82275000000
0,2.85281000000,391030.77864500000,6438293.11564000000
0,2.90412000000,391031.48575200000,6438292.40853000000
0,2.95990000000,391032.19285900000,6438291.70143000000
0,3.02394000000,391032.89996600000,6438290.99432000000
0,3.08187000000,391033.60707300000,6438290.28721000000
0,3.07055000000,391034.31417900000,6438289.58011000000
0,3.15876000000,391035.02128600000,6438288.87300000000
0,3.02555000000,391035.72839300000,6438288.16589000000
0,2.98559000000,391036.43550000000,6438287.45879000000
0,3.04670000000,391037.14260600000,6438286.75168000000
0,3.07894000000,391037.84971300000,6438286.04457000000
0,3.11068000000,391038.55682000000,6438285.33747000000
0,3.04664000000,391039.26392700000,6438284.63036000000
0,3.07670000000,391039.97103400000,6438283.92325000000
0,2.97850000000,391040.67814000000,6438283.21615000000
0,2.99545000000,391041.38524700000,6438282.50904000000
0,3.02873000000,391042.09235400000,6438281.80193000000
0,3.02218000000,391042.79946100000,6438281.09482000000
0,2.93330000000,391043.50656700000,6438280.38772000000
0,2.85896000000,391044.21367400000,6438279.68061000000
0,2.90486000000,391044.92078100000,6438278.97350000000
0,2.75047000000,391045.62788800000,6438278.26640000000
0,2.80167000000,391046.33499500000,6438277.55929000000
0,2.73111000000,391047.04210100000,6438276.85218000000
0,2.56700000000,391047.74920800000,6438276.14508000000
0,2.40324000000,391048.45631500000,6438275.43797000000
0,2.47311000000,391049.16342200000,6438274.73086000000
0,2.47045000000,391049.87052900000,6438274.02376000000
0,2.48606000000,391050.57763500000,6438273.31665000000
0,2.52497000000,391051.28474200000,6438272.60954000000
0,2.50506000000,391051.99184900000,6438271.90244000000
0,2.45326000000,391052.69895600000,6438271.19533000000
0,2.38206000000,391053.40606200000,6438270.48822000000
0,2.23151000000,391054.11316900000,6438269.78112000000
0,2.06125000000,391054.82027600000,6438269.07401000000
0,2.10406000000,391055.52738300000,6438268.36690000000
0,2.50403000000,391056.23449000000,6438267.65980000000
0,2.61524000000,391056.94159600000,6438266.95269000000
0,2.77431000000,391057.64870300000,6438266.24558000000
0,2.85617000000,391058.35581000000,6438265.53848000000
0,3.00946000000,391059.06291700000,6438264.83137000000
0,3.05992000000,391059.77002300000,6438264.12426000000
0,3.18595000000,391060.47685100000,6438263.41688000000
0,3.37523000000,391061.18260500000,6438262.70842000000
0,3.52039000000,391061.88835800000,6438261.99996000000
0,3.82396000000,391062.59411200000,6438261.29150000000
0,4.07874000000,391063.29986500000,6438260.58305000000
0,4.08747000000,391064.00561900000,6438259.87459000000
0,4.10551000000,391064.71137200000,6438259.16613000000
0,4.20519000000,391065.41712600000,6438258.45767000000
0,4.32532000000,391066.12287900000,6438257.74922000000
0,4.50117000000,391066.82863300000,6438257.04076000000
0,4.60442000000,391067.53438600000,6438256.33230000000
0,4.80859000000,391068.24014000000,6438255.62384000000
0,4.71368000000,391068.94589300000,6438254.91539000000
0,4.29693000000,391069.65164700000,6438254.20693000000
0,4.18781000000,391070.35740000000,6438253.49847000000
0,4.00571000000,391071.06315300000,6438252.79001000000
0,3.86813000000,391071.76890700000,6438252.08156000000
0,3.69639000000,391072.47466000000,6438251.37310000000
0,3.61503000000,391073.18041400000,6438250.66464000000
0,3.46869000000,391073.88616700000,6438249.95618000000
0,3.48918000000,391074.59192100000,6438249.24773000000
0,3.35432000000,391075.29767400000,6438248.53927000000
0,3.24305000000,391076.00342800000,6438247.83081000000
0,3.36901000000,391076.70918100000,6438247.12235000000
0,3.10923000000,391077.41493500000,6438246.41390000000
0,3.23967000000,391078.12068800000,6438245.70544000000
0,3.26415000000,391078.82644200000,6438244.99698000000
0,3.31063000000,391079.53219500000,6438244.28852000000
0,3.24866000000,391080.23794900000,6438243.58007000000
0,3.22863000000,391080.94370200000,6438242.87161000000
0,3.23567000000,391081.64945600000,6438242.16315000000
0,3.19856000000,391082.35520900000,6438241.45469000000
0,3.14622000000,391083.06096200000,6438240.74624000000
0,3.05580000000,391083.76671600000,6438240.03778000000
0,3.01357000000,391084.47246900000,6438239.32932000000
0,2.99535000000,391085.17822300000,6438238.62086000000
0,3.12491000000,391085.88397600000,6438237.91241000000
0,3.09303000000,391086.58973000000,6438237.20395000000
0,3.00998000000,391087.29548300000,6438236.49549000000
0,2.90971000000,391088.00123700000,6438235.78703000000
0,2.87501000000,391088.70699000000,6438235.07858000000
0,2.85372000000,391089.41274400000,6438234.37012000000
0,2.85416000000,391090.11849700000,6438233.66166000000
0,2.85570000000,391090.82425100000,6438232.95320000000
0,2.82892000000,391091.53000400000,6438232.24475000000
0,2.82252000000,391092.23575800000,6438231.53629000000
0,2.80451000000,391092.94151100000,6438230.82783000000
0,2.79931000000,391093.64726500000,6438230.11937000000
0,2.78121000000,391094.35301800000,6438229.41092000000
0,2.77716000000,391095.05877100000,6438228.70246000000
0,2.79555000000,391095.76452500000,6438227.99400000000
0,2.74146000000,391096.47027800000,6438227.28554000000
0,2.71696000000,391097.17603200000,6438226.57709000000
0,2.68046000000,391097.88178500000,6438225.86863000000
0,2.81351000000,391098.58753900000,6438225.16017000000
0,2.92501000000,391099.29329200000,6438224.45171000000
0,2.84442000000,391099.99904600000,6438223.74326000000
0,2.81565000000,391100.70479900000,6438223.03480000000
0,2.81316000000,391101.41055300000,6438222.32634000000
0,2.84037000000,391102.11630600000,6438221.61788000000
0,2.91087000000,391102.82206000000,6438220.90943000000
0,3.15010000000,391103.52781300000,6438220.20097000000
0,3.13666000000,391104.23356700000,6438219.49251000000
0,3.10618000000,391104.93932000000,6438218.78405000000
0,3.09116000000,391105.64507400000,6438218.07560000000
0,3.01805000000,391106.35082700000,6438217.36714000000
0,2.97802000000,391107.05658000000,6438216.65868000000
0,2.98273000000,391107.76233400000,6438215.95022000000
0,3.05293000000,391108.46808700000,6438215.24177000000
0,3.08700000000,391109.17384100000,6438214.53331000000
0,3.13527000000,391109.87959400000,6438213.82485000000
0,3.14445000000,391110.58534800000,6438213.11639000000
0,3.17595000000,391111.29110100000,6438212.40794000000
0,3.21816000000,391111.99685500000,6438211.69948000000
0,3.29609000000,391112.70260800000,6438210.99102000000
0,3.33617000000,391113.40836200000,6438210.28256000000
0,3.32679000000,391114.11411500000,6438209.57411000000
0,3.32754000000,391114.81986900000,6438208.86565000000
0,3.30971000000,391115.52562200000,6438208.15719000000
0,3.42576000000,391116.23137600000,6438207.44873000000
0,3.55862000000,391116.93712900000,6438206.74028000000
0,3.65993000000,391117.64288300000,6438206.03182000000
0,3.61697000000,391118.34863600000,6438205.32336000000
0,3.55444000000,391119.05438900000,6438204.61490000000
0,3.54734000000,391119.76014300000,6438203.90645000000
0,3.56913000000,391120.46589600000,6438203.19799000000
0,3.67885000000,391121.17165000000,6438202.48953000000
0,3.80975000000,391121.87740300000,6438201.78107000000
0,3.96940000000,391122.58315700000,6438201.07262000000
0,4.26978000000,391123.28891000000,6438200.36416000000
0,4.27742000000,391123.99466400000,6438199.65570000000
0,4.22764000000,391124.70041700000,6438198.94724000000
0,4.15678000000,391125.40617100000,6438198.23879000000
0,4.06528000000,391126.11192400000,6438197.53033000000
0,3.92475000000,391126.81767800000,6438196.82187000000
0,3.69285000000,391127.52343100000,6438196.11341000000
0,3.52987000000,391128.22918500000,6438195.40496000000
0,3.37965000000,391128.93493800000,6438194.69650000000
0,3.35093000000,391129.64069200000,6438193.98804000000
0,3.23527000000,391130.34644500000,6438193.27958000000
0,3.05795000000,391131.05219800000,6438192.57113000000
0,2.88881000000,391131.75795200000,6438191.86267000000
0,2.75295000000,391132.46370500000,6438191.15421000000
0,2.74173000000,391133.16945900000,6438190.44575000000
0,2.76810000000,391133.87521200000,6438189.73730000000
0,2.83052000000,391134.58096600000,6438189.02884000000
0,2.93876000000,391135.28671900000,6438188.32038000000
0,3.14002000000,391135.99247300000,6438187.61192000000
0,3.26523000000,391136.69822600000,6438186.90347000000
0,3.10244000000,391137.40398000000,6438186.19501000000
0,2.97115000000,391138.10973300000,6438185.48655000000
0,2.98712000000,391138.81548700000,6438184.77809000000
0,2.93111000000,391139.52124000000,6438184.06964000000
0,2.91459000000,391140.22699400000,6438183.36118000000
0,2.78629000000,391140.93274700000,6438182.65272000000
0,2.73062000000,391141.63850100000,6438181.94426000000
0,2.65754000000,391142.34425400000,6438181.23581000000
0,2.65019000000,391143.05000700000,6438180.52735000000
0,2.52522000000,391143.75576100000,6438179.81889000000
0,2.44181000000,391144.46151400000,6438179.11043000000
0,2.46099000000,391145.16726800000,6438178.40198000000
0,2.47882000000,391145.87302100000,6438177.69352000000
0,2.43798000000,391146.57877500000,6438176.98506000000
0,2.46521000000,391147.28452800000,6438176.27660000000
0,2.42001000000,391147.99028200000,6438175.56815000000
0,2.41069000000,391148.69603500000,6438174.85969000000
0,2.42430000000,391149.40178900000,6438174.15123000000
0,2.40749000000,391150.10754200000,6438173.44277000000
0,2.42128000000,391150.81329600000,6438172.73432000000
0,2.45583000000,391151.51904900000,6438172.02586000000
0,2.64374000000,391152.22480300000,6438171.31740000000
0,2.65022000000,391152.93055600000,6438170.60894000000
0,2.67756000000,391153.63631000000,6438169.90049000000
0,2.68523000000,391154.34206300000,6438169.19203000000
0,2.63929000000,391155.04781600000,6438168.48357000000
0,2.62982000000,391155.75357000000,6438167.77511000000
0,2.60831000000,391156.45932300000,6438167.06666000000
0,2.62344000000,391157.16507700000,6438166.35820000000
0,2.60298000000,391157.87083000000,6438165.64974000000
0,2.58130000000,391158.57658400000,6438164.94128000000
0,2.47063000000,391159.28233700000,6438164.23283000000
0,2.49749000000,391159.98809100000,6438163.52437000000
0,2.56632000000,391160.69384400000,6438162.81591000000
0,2.63249000000,391161.39959800000,6438162.10745000000
0,2.66952000000,391162.10535100000,6438161.39900000000
0,2.59501000000,391162.81110500000,6438160.69054000000
0,2.49589000000,391163.51685800000,6438159.98208000000
0,2.50049000000,391164.22261200000,6438159.27362000000
0,2.47034000000,391164.92836500000,6438158.56517000000
0,2.50202000000,391165.63411900000,6438157.85671000000
0,2.55338000000,391166.33987200000,6438157.14825000000
0,2.67429000000,391167.04562500000,6438156.43979000000
0,2.60867000000,391167.75137900000,6438155.73134000000
0,2.60652000000,391168.45713200000,6438155.02288000000
0,2.62562000000,391169.16288600000,6438154.31442000000
0,2.69314000000,391169.86863900000,6438153.60596000000
0,2.79537000000,391170.57439300000,6438152.89751000000
0,2.90265000000,391171.28014600000,6438152.18905000000
0,2.98372000000,391171.98590000000,6438151.48059000000
0,3.03511000000,391172.69165300000,6438150.77213000000
0,3.16500000000,391173.39740700000,6438150.06368000000
0,3.33387000000,391174.10316000000,6438149.35522000000
0,3.33788000000,391174.80891400000,6438148.64676000000
0,3.40131000000,391175.51466700000,6438147.93830000000
0,3.51130000000,391176.22042100000,6438147.22985000000
0,3.83997000000,391176.92617400000,6438146.52139000000
0,4.40964000000,391177.63192800000,6438145.81293000000
0,4.64190000000,391178.33768100000,6438145.10447000000
0,4.69355000000,391179.04343400000,6438144.39602000000
0,4.89392000000,391179.74918800000,6438143.68756000000
0,4.87377000000,391180.45494100000,6438142.97910000000
0,4.77551000000,391181.16069500000,6438142.27064000000
0,4.74346000000,391181.86644800000,6438141.56219000000
0,4.76247000000,391182.57220200000,6438140.85373000000
0,4.69854000000,391183.27795500000,6438140.14527000000
0,4.55805000000,391183.98370900000,6438139.43681000000
0,4.37859000000,391184.68946200000,6438138.72836000000
0,4.12375000000,391185.39521600000,6438138.01990000000
0,3.89465000000,391186.10096900000,6438137.31144000000
0,3.69280000000,391186.80672300000,6438136.60298000000
0,3.48296000000,391187.51247600000,6438135.89453000000
0,3.32914000000,391188.21823000000,6438135.18607000000
0,3.21304000000,391188.92398300000,6438134.47761000000
0,2.92278000000,391189.62973700000,6438133.76915000000
0,2.74198000000,391190.33549000000,6438133.06070000000
0,2.69821000000,391191.04124300000,6438132.35224000000
0,2.76087000000,391191.74699700000,6438131.64378000000
0,3.09960000000,391192.45275000000,6438130.93532000000
0,2.84072000000,391193.15850400000,6438130.22687000000
0,2.78973000000,391193.86425700000,6438129.51841000000
0,2.73869000000,391194.57001100000,6438128.80995000000
0,2.66912000000,391195.27576400000,6438128.10149000000
0,2.62135000000,391195.98151800000,6438127.39304000000
0,2.67700000000,391196.68727100000,6438126.68458000000
0,2.72742000000,391197.39302500000,6438125.97612000000
0,2.96081000000,391198.09877800000,6438125.26766000000
0,3.02315000000,391198.81820100000,6438124.57336000000
0,2.93873000000,391199.55073100000,6438123.89262000000
0,3.06693000000,391200.28326000000,6438123.21189000000
0,3.22282000000,391201.01578900000,6438122.53115000000
0,3.54375000000,391201.74831800000,6438121.85042000000
0,3.53059000000,391202.48084800000,6438121.16968000000
0,3.45988000000,391203.21337700000,6438120.48895000000
0,3.66683000000,391203.94590600000,6438119.80821000000
0,3.93834000000,391204.67843500000,6438119.12747000000
0,4.06637000000,391205.41096500000,6438118.44674000000
0,3.91740000000,391206.14349400000,6438117.76600000000
0,3.73993000000,391206.87602300000,6438117.08527000000
0,3.46017000000,391207.60855200000,6438116.40453000000
0,3.34906000000,391208.34108200000,6438115.72380000000
0,3.27362000000,391209.07361100000,6438115.04306000000
0,2.98745000000,391209.80614000000,6438114.36233000000
0,2.83695000000,391210.53866900000,6438113.68159000000
0,2.81285000000,391211.27119900000,6438113.00085000000
0,2.74331000000,391212.00372800000,6438112.32012000000
0,2.61534000000,391212.73625700000,6438111.63938000000
0,2.51589000000,391213.46878600000,6438110.95865000000
0,2.44489000000,391214.20131600000,6438110.27791000000
0,2.45407000000,391214.93384500000,6438109.59718000000
0,2.42654000000,391215.66637400000,6438108.91644000000
0,2.42833000000,391216.39890300000,6438108.23571000000
0,2.41858000000,391217.13143300000,6438107.55497000000
0,2.37263000000,391217.86396200000,6438106.87423000000
0,2.36039000000,391218.59649100000,6438106.19350000000
0,2.36446000000,391219.32902100000,6438105.51276000000
0,2.34625000000,391220.06155000000,6438104.83203000000
0,2.28284000000,391220.79407900000,6438104.15129000000
0,2.27604000000,391221.52660800000,6438103.47056000000
0,2.24762000000,391222.25913800000,6438102.78982000000
0,2.26182000000,391222.99166700000,6438102.10909000000
0,2.22857000000,391223.72419600000,6438101.42835000000
0,2.22397000000,391224.45672500000,6438100.74761000000
0,2.23400000000,391225.18925500000,6438100.06688000000
0,2.21948000000,391225.92178400000,6438099.38614000000
0,2.20212000000,391226.65431300000,6438098.70541000000
0,2.18058000000,391227.38684200000,6438098.02467000000
0,2.14132000000,391228.11937200000,6438097.34394000000
0,2.14153000000,391228.85190100000,6438096.66320000000
0,2.15779000000,391229.58443000000,6438095.98247000000
0,2.19382000000,391230.31695900000,6438095.30173000000
0,2.19879000000,391231.04948900000,6438094.62099000000
0,2.17444000000,391231.78201800000,6438093.94026000000
0,2.04519000000,391232.51454700000,6438093.25952000000
0,1.99133000000,391233.24707600000,6438092.57879000000
0,1.99464000000,391233.97960600000,6438091.89805000000
0,2.04359000000,391234.71213500000,6438091.21732000000
0,2.03925000000,391235.44466400000,6438090.53658000000
0,2.02632000000,391236.17719300000,6438089.85585000000
0,1.97517000000,391236.90972300000,6438089.17511000000
0,1.97694000000,391237.64225200000,6438088.49437000000
0,1.95089000000,391238.37478100000,6438087.81364000000
0,1.92146000000,391239.10731000000,6438087.13290000000
0,1.89214000000,391239.83984000000,6438086.45217000000
0,1.89052000000,391240.57236900000,6438085.77143000000
0,1.88187000000,391241.30489800000,6438085.09070000000
0,1.85939000000,391242.03742700000,6438084.40996000000
0,1.87550000000,391242.76995700000,6438083.72923000000
0,1.87044000000,391243.50248600000,6438083.04849000000
0,1.84147000000,391244.23501500000,6438082.36775000000
0,1.84094000000,391244.96754400000,6438081.68702000000
0,1.84745000000,391245.70007400000,6438081.00628000000
0,1.84800000000,391246.43260300000,6438080.32555000000
0,1.83047000000,391247.16513200000,6438079.64481000000
0,1.81350000000,391247.89766100000,6438078.96408000000
0,1.82627000000,391248.63019100000,6438078.28334000000
0,1.82618000000,391249.36272000000,6438077.60261000000
0,1.81826000000,391250.09524900000,6438076.92187000000
0,1.82950000000,391250.82777900000,6438076.24113000000
0,1.82120000000,391251.56030800000,6438075.56040000000
0,1.80219000000,391252.29283700000,6438074.87966000000
0,1.79797000000,391253.02536600000,6438074.19893000000
0,1.80326000000,391253.75789600000,6438073.51819000000
0,1.81725000000,391254.49042500000,6438072.83746000000
0,1.79871000000,391255.22295400000,6438072.15672000000
0,1.82161000000,391255.95548300000,6438071.47599000000
0,1.69451000000,391256.68801300000,6438070.79525000000
0,1.67990000000,391257.42054200000,6438070.11451000000
0,1.68205000000,391258.15307100000,6438069.43378000000
0,1.68280000000,391258.88560000000,6438068.75304000000
0,1.57638000000,391259.61813000000,6438068.07231000000
0,1.55505000000,391260.35065900000,6438067.39157000000
0,1.53104000000,391261.08318800000,6438066.71084000000
0,1.48908000000,391261.81571700000,6438066.03010000000
0,1.47491000000,391262.54824700000,6438065.34937000000
0,1.42280000000,391263.28077600000,6438064.66863000000
0,1.38662000000,391264.01330500000,6438063.98789000000
0,1.40467000000,391264.74583400000,6438063.30716000000
0,1.33192000000,391265.47836400000,6438062.62642000000
0,1.31434000000,391266.21089300000,6438061.94569000000
0,1.14501000000,391266.94342200000,6438061.26495000000
0,1.34593000000,391267.67595100000,6438060.58422000000
0,1.27841000000,391268.40848100000,6438059.90348000000
0,1.26329000000,391269.14101000000,6438059.22275000000
0,1.22578000000,391269.87353900000,6438058.54201000000
0,1.26071000000,391270.60606800000,6438057.86127000000
0,1.22564000000,391271.33859800000,6438057.18054000000
0,1.25947000000,391272.07112700000,6438056.49980000000
0,1.06549000000,391272.80365600000,6438055.81907000000
0,1.04968000000,391273.53618500000,6438055.13833000000
0,1.18783000000,391274.26871500000,6438054.45760000000
0,1.07027000000,391275.00124400000,6438053.77686000000
0,1.10338000000,391275.73377300000,6438053.09613000000
0,1.11900000000,391276.46630200000,6438052.41539000000
0,1.11955000000,391277.19883200000,6438051.73465000000
0,1.11998000000,391277.93136100000,6438051.05392000000
0,1.12211000000,391278.66389000000,6438050.37318000000
0,1.12386000000,391279.39642000000,6438049.69245000000
0,1.12432000000,391280.12894900000,6438049.01171000000
0,1.12597000000,391280.86147800000,6438048.33098000000
0,1.12625000000,391281.59400700000,6438047.65024000000
0,1.12579000000,391282.32653700000,6438046.96951000000
0,1.12274000000,391283.05906600000,6438046.28877000000
0,1.12272000000,391283.79159500000,6438045.60803000000
0,1.12273000000,391284.52412400000,6438044.92730000000
0,1.12274000000,391285.25665400000,6438044.24656000000
0,1.12274000000,391285.98918300000,6438043.56583000000
0,1.12275000000,391286.72171200000,6438042.88509000000
0,1.12276000000,391287.45424100000,6438042.20436000000
0,1.12276000000,391288.18677100000,6438041.52362000000
0,1.12276000000,391288.91930000000,6438040.84289000000
0,1.12276000000,391289.65182900000,6438040.16215000000
0,1.12296000000,391290.38435800000,6438039.48141000000
0,1.11776000000,391291.11688800000,6438038.80068000000
0,1.11951000000,391291.84941700000,6438038.11994000000
0,1.11506000000,391292.58194600000,6438037.43921000000
0,1.10455000000,391293.31447500000,6438036.75847000000
0,1.10446000000,391294.04700500000,6438036.07774000000
0,1.07919000000,391294.77953400000,6438035.39700000000
0,1.07122000000,391295.51206300000,6438034.71627000000
0,1.06548000000,391296.24459200000,6438034.03553000000
0,1.06546000000,391296.97712200000,6438033.35479000000
0,1.05194000000,391297.70965100000,6438032.67406000000
0,1.04955000000,391298.44218000000,6438031.99332000000
0,1.04953000000,391299.17470900000,6438031.31259000000

